-- phpMyAdmin SQL Dump
-- version 5.2.1
-- https://www.phpmyadmin.net/
--
-- Máy chủ: 127.0.0.1
-- Thời gian đã tạo: Th2 28, 2024 lúc 02:43 AM
-- Phiên bản máy phục vụ: 10.4.32-MariaDB
-- Phiên bản PHP: 8.2.12

SET SQL_MODE = "NO_AUTO_VALUE_ON_ZERO";
START TRANSACTION;
SET time_zone = "+00:00";


/*!40101 SET @OLD_CHARACTER_SET_CLIENT=@@CHARACTER_SET_CLIENT */;
/*!40101 SET @OLD_CHARACTER_SET_RESULTS=@@CHARACTER_SET_RESULTS */;
/*!40101 SET @OLD_COLLATION_CONNECTION=@@COLLATION_CONNECTION */;
/*!40101 SET NAMES utf8mb4 */;

--
-- Cơ sở dữ liệu: `qlks`
--

-- --------------------------------------------------------

--
-- Cấu trúc bảng cho bảng `account`
--

CREATE TABLE `account` (
  `UID` varchar(50) NOT NULL,
  `UserName` varchar(50) DEFAULT NULL,
  `Password` varchar(50) DEFAULT NULL,
  `Permissions` varchar(50) DEFAULT NULL,
  `Status` int(11) DEFAULT NULL
) ENGINE=InnoDB DEFAULT CHARSET=utf8mb4 COLLATE=utf8mb4_general_ci;

--
-- Đang đổ dữ liệu cho bảng `account`
--

INSERT INTO `account` (`UID`, `UserName`, `Password`, `Permissions`, `Status`) VALUES
('000', 'root99', 'Hello|11', '///4AAAAAAAAAAAAAAAAAAAAAAAAAAAAAAAAAAAAAAAAAAAAAA', 0),
('002', 'en0123', 'ABcd!@34', 'AAAAAAAAAAAAAAAAAAAAAAAAAAAAAAAAAAAAAAAAAAAAAAAAAA', 3),
('003', 'binz126', 'Binz||16', 'AAAAAAAAAAAAAAAAAAAAAAAAAAAAAAAAAAAAAAAAAAAAAAAAAA', 1),
('004', 'manager', 'Hello|91', 'AAAAAAAAAAAAAAAAAAAAAAAAAAAAAAAAAAAAAAAAAAAAAAAAAA', 1),
('005', 'user0123', 'M123456m*', 'AAAAAAAAAAAAAAAAAAAAAAAAAAAAAAAAAAAAAAAAAAAAAAAAAA', 1),
('006', 'user321', 'M123456m*', 'AAAAAAAAAAAAAAAAAAAAAAAAAAAAAAAAAAAAAAAAAAAAAAAAAA', 1);

-- --------------------------------------------------------

--
-- Cấu trúc bảng cho bảng `convinience`
--

CREATE TABLE `convinience` (
  `ID` varchar(50) NOT NULL,
  `Name` varchar(50) DEFAULT NULL,
  `Depreciation` double NOT NULL
) ENGINE=InnoDB DEFAULT CHARSET=utf8mb4 COLLATE=utf8mb4_general_ci;

--
-- Đang đổ dữ liệu cho bảng `convinience`
--

INSERT INTO `convinience` (`ID`, `Name`, `Depreciation`) VALUES
('CO01', 'Giường', 1000000),
('CO02', 'Ti vi', 1000000),
('CO03', 'Bồn tắm', 2000000),
('CO04', 'Máy lạnh', 10000000),
('CO05', 'Wifi', 200000),
('CO06', 'Máy đun', 600000);

-- --------------------------------------------------------

--
-- Cấu trúc bảng cho bảng `convinience_room_type`
--

CREATE TABLE `convinience_room_type` (
  `ConvinienceID` varchar(50) DEFAULT NULL,
  `RoomTypeID` varchar(50) DEFAULT NULL,
  `Quantity` int(11) DEFAULT NULL
) ENGINE=InnoDB DEFAULT CHARSET=utf8mb4 COLLATE=utf8mb4_general_ci;

--
-- Đang đổ dữ liệu cho bảng `convinience_room_type`
--

INSERT INTO `convinience_room_type` (`ConvinienceID`, `RoomTypeID`, `Quantity`) VALUES
('CO03', 'RT01', 2),
('CO04', 'RT01', 1),
('CO03', 'RT06', 3),
('CO02', 'RT04', 1),
('CO04', 'RT06', 2);

-- --------------------------------------------------------

--
-- Cấu trúc bảng cho bảng `customer`
--

CREATE TABLE `customer` (
  `ID` varchar(50) NOT NULL,
  `Fullname` varchar(50) DEFAULT NULL,
  `Gender` varchar(10) DEFAULT NULL,
  `Birthday` date DEFAULT NULL,
  `Address` varchar(50) DEFAULT NULL,
  `CitizenID` varchar(50) DEFAULT NULL,
  `PhoneNumber` varchar(50) DEFAULT NULL
) ENGINE=InnoDB DEFAULT CHARSET=utf8mb4 COLLATE=utf8mb4_general_ci;

--
-- Đang đổ dữ liệu cho bảng `customer`
--

INSERT INTO `customer` (`ID`, `Fullname`, `Gender`, `Birthday`, `Address`, `CitizenID`, `PhoneNumber`) VALUES
('CU001', 'Trần Bình Trọng', '0', '2002-10-31', 'TP HCM', '532917127', '0875936828'),
('CU002', 'Lê Hữu Phước', '1', '2003-08-21', 'An giang', '678342987', '0785329415'),
('CU003', 'Lê Thị Hồng', '0', '1998-03-15', 'Bình Phước', '798324143', '0975385425'),
('CU004', 'Cao Thị Lan', '0', '1990-07-07', 'Hà Nội', '897953427', '0974329414'),
('CU005', 'Nguyễn Thành Tiến', '1', '2002-05-17', 'Quảng Ninh', '879543598', '01934829511'),
('CU006', 'Nguyễn Văn Lâm', '0', '2003-02-01', 'Tùy Phước,Bình Định', '225626153', '0923362748'),
('CU007', 'Nguyễn Thị Thủy', '0', '2002-01-17', 'Tuy phước', '225626154', '0923326742'),
('CU008', 'Nguyễn Thị Bình', '0', '2000-01-01', 'Tuy Phuoc Binh Dinh', '626225154', '0987654321'),
('CU009', 'Nguyễn Minh Lâm', '0', '2000-01-01', 'Sai Gon Quan 8', '153262152', '0987654321'),
('CU010', 'Huỳnh Xuân Duy', '0', '1990-02-02', 'Bien Hoa Dong Nai', '225226174', '0978654321'),
('CU011', 'Hoàng Nhật Long', '1', '2003-01-01', 'Q4 TPHCM', '225626111', '0923326879'),
('CU012', 'Lâm Văn Long', '0', '1995-12-02', 'An Dương Vương,Q5,TPHCM', '056212369874', '0932674267'),
('CU013', 'Tạ Thiên Hoa', '0', '2000-06-29', 'Tôn Đức Thắng,Q4,TPHCM', '891237654321', '0915478651'),
('CU014', 'Trịnh Gia Dĩnh', '1', '2001-07-11', 'Đào Sư Tích ,Huyện Nhà Bè,TPHCM', '012574612378', '0382614745'),
('CU015', 'Mã Đức Chung', '1', '2005-04-16', 'Đào Sư Tích ,Huyện Nhà Bè,TPHCM', '045612479412', '0332479456'),
('CU016', 'Trương Gia Huy', '1', '2002-06-01', 'Lão Tử ,Q5 ,TPHCM', '254136789', '01257526781'),
('CU017', 'Lâm Hạ Vy', '0', '1999-04-17', 'Hoàng Hoa Thám , TPHCM', '456789123456', '0334715678'),
('CU018', 'Thái Tư Bối', '0', '2003-01-01', 'TPHCM', '567890123', '0315474567'),
('CU019', 'Lý Giai Tâm', '0', '2001-02-09', 'Bình Định', '345678901234', '0345798514'),
('CU020', 'Đường Thi Vịnh', '0', '1999-12-10', 'TPHCM', '901234567890', '0347415793'),
('CU021', 'Cao Hải Ninh', '0', '2002-03-03', 'Hà Nội', '225628784', '0398745671'),
('CU022', 'Diêu Tử Linh', '0', '2000-03-03', 'Quy Nhơn', '345678901', '0923347298'),
('CU023', 'Thang Lạc Văn', '0', '2000-03-16', 'Đà Nẵng', '456789012345', '0927845126'),
('CU024', 'Le Toan', '1', '2024-02-21', 'tphcm', '123456789', '0923326744');

-- --------------------------------------------------------

--
-- Cấu trúc bảng cho bảng `invoice`
--

CREATE TABLE `invoice` (
  `ID` varchar(50) NOT NULL,
  `StaffID` varchar(50) DEFAULT NULL,
  `CustomerID` varchar(50) DEFAULT NULL,
  `ReservationID` varchar(50) DEFAULT NULL
) ENGINE=InnoDB DEFAULT CHARSET=utf8mb4 COLLATE=utf8mb4_general_ci;

--
-- Đang đổ dữ liệu cho bảng `invoice`
--

INSERT INTO `invoice` (`ID`, `StaffID`, `CustomerID`, `ReservationID`) VALUES
('IN0001', 'SA007', 'CU003', 'RE00003'),
('IN0002', 'SA007', 'CU002', 'RE00002'),
('IN0003', 'SA007', 'CU001', 'RE00001'),
('IN0004', 'SA007', 'CU004', 'RE00004'),
('IN0005', 'SA007', 'CU005', 'RE00005'),
('IN0006', 'SA007', 'CU006', 'RE00006'),
('IN0007', 'SA007', 'CU007', 'RE00007'),
('IN0008', 'SA007', 'CU007', 'RE00008'),
('IN0009', 'SA007', 'CU009', 'RE00009'),
('IN0010', 'SA007', 'CU010', 'RE00010'),
('IN0011', 'SA007', 'CU011', 'RE00011'),
('IN0012', 'SA006', 'CU012', 'RE00012'),
('IN0013', 'SA006', 'CU013', 'RE00013'),
('IN0014', 'SA006', 'CU017', 'RE00014'),
('IN0015', 'SA006', 'CU018', 'RE00015'),
('IN0016', 'SA006', 'CU021', 'RE00017'),
('IN0017', 'SA006', 'CU020', 'RE00016'),
('IN0018', 'SA006', 'CU022', 'RE00018'),
('IN0019', 'SA006', 'CU023', 'RE00019'),
('IN0020', 'SA008', 'CU001', 'RE00020'),
('IN0021', 'SA008', 'CU002', 'RE00021'),
('IN0022', 'SA008', 'CU004', 'RE00023'),
('IN0023', 'SA008', 'CU003', 'RE00022'),
('IN0024', 'SA008', 'CU005', 'RE00024'),
('IN0025', 'SA008', 'CU006', 'RE00025'),
('IN0026', 'SA008', 'CU008', 'RE00027'),
('IN0027', 'SA008', 'CU007', 'RE00026'),
('IN0028', 'SA006', 'CU007', 'RE00028'),
('IN0029', 'SA006', 'CU009', 'RE00030'),
('IN0030', 'SA006', 'CU011', 'RE00031'),
('IN0031', 'SA006', 'CU012', 'RE00032'),
('IN0032', 'SA006', 'CU013', 'RE00033'),
('IN0033', 'SA006', 'CU014', 'RE00034'),
('IN0034', 'SA008', 'CU016', 'RE00036'),
('IN0035', 'SA008', 'CU015', 'RE00035'),
('IN0036', 'SA008', 'CU017', 'RE00037'),
('IN0037', 'SA008', 'CU018', 'RE00038'),
('IN0038', 'SA008', 'CU023', 'RE00039'),
('IN0039', 'SA007', 'CU006', 'RE00041'),
('IN0040', 'SA007', 'CU006', 'RE00040'),
('IN0041', 'SA007', 'CU007', 'RE00042'),
('IN0042', 'SA007', 'CU008', 'RE00043'),
('IN0043', 'SA007', 'CU009', 'RE00044'),
('IN0044', 'SA007', 'CU010', 'RE00045'),
('IN0045', 'SA007', 'CU011', 'RE00046'),
('IN0046', 'SA007', 'CU018', 'RE00050'),
('IN0047', 'SA007', 'CU012', 'RE00047'),
('IN0048', 'SA007', 'CU013', 'RE00048'),
('IN0049', 'SA007', 'CU016', 'RE00049'),
('IN0050', 'SA007', 'CU019', 'RE00051'),
('IN0051', 'SA006', 'CU003', 'RE00052'),
('IN0052', 'SA006', 'CU024', 'RE00054');

-- --------------------------------------------------------

--
-- Cấu trúc bảng cho bảng `permission_group`
--

CREATE TABLE `permission_group` (
  `ID` varchar(50) NOT NULL,
  `Name` varchar(50) DEFAULT NULL,
  `Permissions` varchar(50) DEFAULT NULL
) ENGINE=InnoDB DEFAULT CHARSET=utf8mb4 COLLATE=utf8mb4_general_ci;

--
-- Đang đổ dữ liệu cho bảng `permission_group`
--

INSERT INTO `permission_group` (`ID`, `Name`, `Permissions`) VALUES
('01', 'StaffManagement', 'rYAAAAAAAAAAAAAAAAAAAAAAAAAAAAAAAAAAAAAAAAAAAAAAAA'),
('02', 'ServiceManagement', 'AHAAAAAAAAAAAAAAAAAAAAAAAAAAAAAAAAAAAAAAAAAAAAAAAA'),
('03', 'AllBusiness', 'AUQXQAAAAAAAAAAAAAAAAAAAAAAAAAAAAAAAAAAAAAAAAAAAAA'),
('04', 'AllPermissions', '////wAAAAAAAAAAAAAAAAAAAAAAAAAAAAAAAAAAAAAAAAAAAAA');

-- --------------------------------------------------------

--
-- Cấu trúc bảng cho bảng `rent_room_detail`
--

CREATE TABLE `rent_room_detail` (
  `ID` varchar(50) NOT NULL,
  `AddedTime` datetime DEFAULT NULL,
  `PaidTime` datetime DEFAULT NULL,
  `StartTime` datetime DEFAULT NULL,
  `EndTime` datetime DEFAULT NULL,
  `RoomID` varchar(50) DEFAULT NULL,
  `StaffID` varchar(50) DEFAULT NULL,
  `InvoiceID` varchar(50) DEFAULT NULL
) ENGINE=InnoDB DEFAULT CHARSET=utf8mb4 COLLATE=utf8mb4_general_ci;

--
-- Đang đổ dữ liệu cho bảng `rent_room_detail`
--

INSERT INTO `rent_room_detail` (`ID`, `AddedTime`, `PaidTime`, `StartTime`, `EndTime`, `RoomID`, `StaffID`, `InvoiceID`) VALUES
('RD00001', '2023-09-01 09:33:10', '2023-09-01 09:35:30', '2023-09-01 00:00:00', '2023-09-01 00:00:00', 'A103', 'SA007', 'IN0001'),
('RD00002', '2023-09-01 09:33:22', '2023-09-03 09:44:02', '2023-09-01 00:00:00', '2023-09-03 00:00:00', 'A102', 'SA007', 'IN0002'),
('RD00003', '2023-09-01 09:33:32', '2023-09-04 09:44:28', '2023-09-01 00:00:00', '2023-09-04 00:00:00', 'A101', 'SA007', 'IN0003'),
('RD00004', '2023-09-01 09:33:39', '2023-09-05 09:45:34', '2023-09-01 00:00:00', '2023-09-05 00:00:00', 'A201', 'SA007', 'IN0004'),
('RD00005', '2023-09-01 09:33:45', '2023-09-02 09:42:59', '2023-09-01 00:00:00', '2023-09-02 00:00:00', 'A202', 'SA007', 'IN0005'),
('RD00006', '2023-09-01 09:33:51', '2023-09-06 09:46:12', '2023-09-01 00:00:00', '2023-09-06 00:00:00', 'B101', 'SA007', 'IN0006'),
('RD00007', '2023-09-01 09:33:59', '2023-09-01 09:38:11', '2023-09-01 00:00:00', '2023-09-01 00:00:00', 'B102', 'SA007', 'IN0007'),
('RD00008', '2023-09-01 09:34:14', '2023-09-01 09:36:59', '2023-09-01 00:00:00', '2023-09-01 00:00:00', 'B201', 'SA007', 'IN0008'),
('RD00009', '2023-09-01 09:34:22', '2023-09-01 09:36:21', '2023-09-01 00:00:00', '2023-09-01 00:00:00', 'B202', 'SA007', 'IN0009'),
('RD00010', '2023-09-01 09:34:29', '2023-09-01 09:38:23', '2023-09-01 00:00:00', '2023-09-01 00:00:00', 'C101', 'SA007', 'IN0010'),
('RD00011', '2023-09-01 09:34:35', '2023-09-01 09:38:31', '2023-09-01 00:00:00', '2023-09-01 00:00:00', 'C102', 'SA007', 'IN0011'),
('RD00012', '2023-09-06 10:00:13', '2023-09-09 10:03:05', '2023-09-06 00:00:00', '2023-09-09 00:00:00', 'A101', 'SA006', 'IN0012'),
('RD00013', '2023-09-06 10:00:18', '2023-09-09 10:03:12', '2023-09-06 00:00:00', '2023-09-09 00:00:00', 'A102', 'SA006', 'IN0012'),
('RD00014', '2023-09-06 10:00:26', '2023-09-09 10:03:21', '2023-09-06 00:00:00', '2023-09-09 00:00:00', 'A103', 'SA006', 'IN0012'),
('RD00015', '2023-09-06 10:00:35', '2023-09-10 10:03:57', '2023-09-06 00:00:00', '2023-09-10 00:00:00', 'A201', 'SA006', 'IN0013'),
('RD00016', '2023-09-06 10:00:39', '2023-09-10 10:04:03', '2023-09-06 00:00:00', '2023-09-10 00:00:00', 'A202', 'SA006', 'IN0013'),
('RD00017', '2023-09-06 10:00:50', '2023-09-14 10:06:59', '2023-09-06 00:00:00', '2023-09-14 00:00:00', 'B101', 'SA006', 'IN0014'),
('RD00018', '2023-09-06 10:01:05', '2023-09-14 10:07:07', '2023-09-06 00:00:00', '2023-09-14 00:00:00', 'B102', 'SA006', 'IN0014'),
('RD00019', '2023-09-06 10:01:11', '2023-09-15 10:08:13', '2023-09-06 00:00:00', '2023-09-15 00:00:00', 'B201', 'SA006', 'IN0015'),
('RD00020', '2023-09-06 10:01:16', '2023-09-15 10:08:19', '2023-09-06 00:00:00', '2023-09-15 00:00:00', 'B202', 'SA006', 'IN0015'),
('RD00021', '2023-09-06 10:01:23', '2023-09-15 10:08:24', '2023-09-06 00:00:00', '2023-09-15 00:00:00', 'C101', 'SA006', 'IN0015'),
('RD00022', '2023-09-06 10:01:31', '2023-09-15 10:08:31', '2023-09-06 00:00:00', '2023-09-15 00:00:00', 'C102', 'SA006', 'IN0015'),
('RD00023', '2023-09-15 10:15:18', '2023-09-30 10:18:44', '2023-09-15 00:00:00', '2023-09-30 00:00:00', 'A101', 'SA006', 'IN0016'),
('RD00024', '2023-09-15 10:15:23', '2023-09-30 10:19:34', '2023-09-15 00:00:00', '2023-09-30 00:00:00', 'C102', 'SA006', 'IN0016'),
('RD00025', '2023-09-15 10:16:27', '2023-09-30 10:18:49', '2023-09-15 00:00:00', '2023-09-30 00:00:00', 'A102', 'SA006', 'IN0017'),
('RD00026', '2023-09-15 10:16:32', '2023-09-30 10:18:54', '2023-09-15 00:00:00', '2023-09-30 00:00:00', 'A103', 'SA006', 'IN0017'),
('RD00027', '2023-09-15 10:16:39', '2023-09-30 10:18:59', '2023-09-15 00:00:00', '2023-09-30 00:00:00', 'A201', 'SA006', 'IN0018'),
('RD00028', '2023-09-15 10:16:44', '2023-09-30 10:19:04', '2023-09-15 00:00:00', '2023-09-30 00:00:00', 'A202', 'SA006', 'IN0019'),
('RD00029', '2023-09-15 10:16:52', '2023-09-30 10:19:08', '2023-09-15 00:00:00', '2023-09-30 00:00:00', 'B101', 'SA006', 'IN0019'),
('RD00030', '2023-09-15 10:16:59', '2023-09-30 10:19:14', '2023-09-15 00:00:00', '2023-09-30 00:00:00', 'B102', 'SA006', 'IN0019'),
('RD00031', '2023-09-15 10:17:05', '2023-09-30 10:19:18', '2023-09-15 00:00:00', '2023-09-30 00:00:00', 'B201', 'SA006', 'IN0017'),
('RD00032', '2023-09-15 10:17:10', '2023-09-30 10:19:24', '2023-09-15 00:00:00', '2023-09-30 00:00:00', 'B202', 'SA006', 'IN0017'),
('RD00033', '2023-09-15 10:17:19', '2023-09-30 10:19:29', '2023-09-15 00:00:00', '2023-09-30 00:00:00', 'C101', 'SA006', 'IN0018'),
('RD00034', '2023-10-01 10:33:36', '2023-10-13 10:39:09', '2023-10-01 00:00:00', '2023-10-13 00:00:00', 'A101', 'SA008', 'IN0020'),
('RD00035', '2023-10-01 10:33:43', '2023-10-13 10:39:14', '2023-10-01 00:00:00', '2023-10-13 00:00:00', 'A102', 'SA008', 'IN0021'),
('RD00036', '2023-10-01 10:33:51', '2023-10-13 10:39:20', '2023-10-01 00:00:00', '2023-10-13 00:00:00', 'A103', 'SA008', 'IN0021'),
('RD00037', '2023-10-01 10:33:57', '2023-10-13 10:39:25', '2023-10-01 00:00:00', '2023-10-13 00:00:00', 'A201', 'SA008', 'IN0022'),
('RD00038', '2023-10-01 10:34:03', '2023-10-13 10:39:30', '2023-10-01 00:00:00', '2023-10-13 00:00:00', 'A202', 'SA008', 'IN0023'),
('RD00039', '2023-10-01 10:34:10', '2023-10-13 10:39:35', '2023-10-01 00:00:00', '2023-10-13 00:00:00', 'B101', 'SA008', 'IN0023'),
('RD00040', '2023-10-01 10:34:17', '2023-10-13 10:39:42', '2023-10-01 00:00:00', '2023-10-13 00:00:00', 'B102', 'SA008', 'IN0023'),
('RD00041', '2023-10-01 10:34:25', '2023-10-13 10:39:48', '2023-10-01 00:00:00', '2023-10-13 00:00:00', 'B201', 'SA008', 'IN0024'),
('RD00042', '2023-10-01 10:34:36', '2023-10-13 10:39:53', '2023-10-01 00:00:00', '2023-10-13 00:00:00', 'B202', 'SA008', 'IN0024'),
('RD00043', '2023-10-01 10:34:43', '2023-10-13 10:40:15', '2023-10-01 00:00:00', '2023-10-13 00:00:00', 'C101', 'SA008', 'IN0022'),
('RD00044', '2023-10-01 10:34:51', '2023-10-13 10:40:22', '2023-10-01 00:00:00', '2023-10-13 00:00:00', 'C102', 'SA008', 'IN0020'),
('RD00045', '2023-10-13 10:43:48', '2023-10-13 10:45:33', '2023-10-13 00:00:00', '2023-10-13 00:00:00', 'A102', 'SA008', 'IN0025'),
('RD00046', '2023-10-13 10:43:54', '2023-10-13 10:45:41', '2023-10-13 00:00:00', '2023-10-13 00:00:00', 'A103', 'SA008', 'IN0025'),
('RD00047', '2023-10-13 14:11:51', '2023-10-31 14:15:45', '2023-10-13 00:00:00', '2023-10-31 00:00:00', 'A202', 'SA008', 'IN0026'),
('RD00048', '2023-10-13 14:12:01', '2023-10-31 14:15:39', '2023-10-13 00:00:00', '2023-10-31 00:00:00', 'B102', 'SA008', 'IN0026'),
('RD00049', '2023-10-13 14:12:08', '2023-10-30 14:15:20', '2023-10-13 00:00:00', '2023-10-30 00:00:00', 'B201', 'SA008', 'IN0027'),
('RD00050', '2023-10-13 14:12:17', '2023-10-30 14:15:14', '2023-10-13 00:00:00', '2023-10-30 00:00:00', 'B202', 'SA008', 'IN0027'),
('RD00051', '2023-11-01 14:25:56', '2023-11-10 14:28:51', '2023-11-01 00:00:00', '2023-11-10 00:00:00', 'A101', 'SA006', 'IN0028'),
('RD00052', '2023-11-01 14:26:07', '2023-11-10 14:29:41', '2023-11-01 00:00:00', '2023-11-10 00:00:00', 'C102', 'SA006', 'IN0028'),
('RD00053', '2023-11-01 14:26:15', '2023-11-10 14:28:58', '2023-11-01 00:00:00', '2023-11-10 00:00:00', 'A102', 'SA006', 'IN0029'),
('RD00054', '2023-11-01 14:26:22', '2023-11-10 14:29:03', '2023-11-01 00:00:00', '2023-11-10 00:00:00', 'A103', 'SA006', 'IN0029'),
('RD00055', '2023-11-01 14:26:30', '2023-11-30 14:36:43', '2023-11-01 00:00:00', '2023-11-30 00:00:00', 'C101', 'SA006', 'IN0030'),
('RD00056', '2023-11-10 14:33:29', '2023-11-20 14:34:45', '2023-11-10 00:00:00', '2023-11-20 00:00:00', 'A102', 'SA006', 'IN0031'),
('RD00057', '2023-11-10 14:33:34', '2023-11-20 14:34:51', '2023-11-10 00:00:00', '2023-11-20 00:00:00', 'A103', 'SA006', 'IN0031'),
('RD00058', '2023-11-10 14:33:39', '2023-11-20 14:34:57', '2023-11-10 00:00:00', '2023-11-20 00:00:00', 'A201', 'SA006', 'IN0032'),
('RD00059', '2023-11-10 14:33:45', '2023-11-20 14:35:04', '2023-11-10 00:00:00', '2023-11-20 00:00:00', 'B202', 'SA006', 'IN0032'),
('RD00060', '2023-11-10 14:33:52', '2023-11-10 14:34:15', '2023-11-10 00:00:00', '2023-11-10 00:00:00', 'C102', 'SA006', 'IN0033'),
('RD00061', '2023-12-01 14:40:17', '2023-12-01 14:41:34', '2023-12-01 00:00:00', '2023-12-01 00:00:00', 'A101', 'SA008', 'IN0034'),
('RD00062', '2023-12-01 14:40:22', '2023-12-31 14:53:22', '2023-12-01 00:00:00', '2023-12-31 00:00:00', 'A102', 'SA008', 'IN0035'),
('RD00063', '2023-12-01 14:40:28', '2023-12-31 14:53:28', '2023-12-01 00:00:00', '2023-12-31 00:00:00', 'A103', 'SA008', 'IN0035'),
('RD00064', '2023-12-01 14:40:36', '2023-12-01 14:41:41', '2023-12-01 00:00:00', '2023-12-01 00:00:00', 'A201', 'SA008', 'IN0034'),
('RD00065', '2023-12-01 14:40:42', '2023-12-10 14:52:17', '2023-12-01 00:00:00', '2023-12-10 00:00:00', 'A202', 'SA008', 'IN0036'),
('RD00066', '2023-12-01 14:40:47', '2023-12-10 14:52:02', '2023-12-01 00:00:00', '2023-12-10 00:00:00', 'B201', 'SA008', 'IN0037'),
('RD00067', '2023-12-01 14:40:52', '2023-12-10 14:52:08', '2023-12-01 00:00:00', '2023-12-10 00:00:00', 'B202', 'SA008', 'IN0037'),
('RD00068', '2023-12-02 14:48:32', '2023-12-31 14:53:34', '2023-12-02 00:00:00', '2023-12-31 00:00:00', 'B101', 'SA008', 'IN0038'),
('RD00069', '2024-01-01 14:59:25', '2024-01-10 15:01:50', '2024-01-01 00:00:00', '2024-01-10 00:00:00', 'A101', 'SA007', 'IN0039'),
('RD00070', '2024-01-01 14:59:31', '2024-01-10 15:01:56', '2024-01-01 00:00:00', '2024-01-10 00:00:00', 'A102', 'SA007', 'IN0040'),
('RD00071', '2024-01-01 14:59:37', '2024-01-10 15:02:01', '2024-01-01 00:00:00', '2024-01-10 00:00:00', 'A103', 'SA007', 'IN0040'),
('RD00072', '2024-01-01 14:59:44', '2024-01-10 15:02:07', '2024-01-01 00:00:00', '2024-01-10 00:00:00', 'A201', 'SA007', 'IN0041'),
('RD00073', '2024-01-01 14:59:51', '2024-01-10 15:02:42', '2024-01-01 00:00:00', '2024-01-10 00:00:00', 'B201', 'SA007', 'IN0042'),
('RD00074', '2024-01-01 14:59:57', '2024-01-10 15:02:48', '2024-01-01 00:00:00', '2024-01-10 00:00:00', 'B202', 'SA007', 'IN0042'),
('RD00075', '2024-01-01 15:00:02', '2024-01-10 15:02:55', '2024-01-01 00:00:00', '2024-01-10 00:00:00', 'C102', 'SA007', 'IN0039'),
('RD00076', '2024-01-01 15:00:09', '2024-01-10 15:03:01', '2024-01-01 00:00:00', '2024-01-10 00:00:00', 'C101', 'SA007', 'IN0041'),
('RD00077', '2024-01-10 15:09:43', '2024-01-31 15:12:01', '2024-01-10 00:00:00', '2024-01-31 00:00:00', 'A202', 'SA007', 'IN0043'),
('RD00078', '2024-01-10 15:09:55', '2024-01-31 15:12:06', '2024-01-10 00:00:00', '2024-01-31 00:00:00', 'B101', 'SA007', 'IN0044'),
('RD00079', '2024-01-10 15:10:01', '2024-01-31 15:11:55', '2024-01-10 00:00:00', '2024-01-31 00:00:00', 'B102', 'SA007', 'IN0045'),
('RD00080', '2024-02-01 15:22:42', '2024-02-15 15:29:27', '2024-02-01 00:00:00', '2024-02-15 00:00:00', 'A101', 'SA007', 'IN0046'),
('RD00081', '2024-02-01 15:22:48', '2024-02-15 15:29:35', '2024-02-01 00:00:00', '2024-02-15 00:00:00', 'A102', 'SA007', 'IN0047'),
('RD00082', '2024-02-01 15:22:54', '2024-02-15 15:29:40', '2024-02-01 00:00:00', '2024-02-15 00:00:00', 'A103', 'SA007', 'IN0047'),
('RD00083', '2024-02-01 15:22:59', '2024-02-15 15:29:47', '2024-02-01 00:00:00', '2024-02-15 00:00:00', 'A201', 'SA007', 'IN0048'),
('RD00084', '2024-02-01 15:23:06', '2024-02-15 15:29:59', '2024-02-01 00:00:00', '2024-02-15 00:00:00', 'A202', 'SA007', 'IN0049'),
('RD00085', '2024-02-01 15:23:12', '2024-02-15 15:30:06', '2024-02-01 00:00:00', '2024-02-15 00:00:00', 'B101', 'SA007', 'IN0049'),
('RD00086', '2024-02-01 15:23:19', '2024-02-15 15:30:12', '2024-02-01 00:00:00', '2024-02-15 00:00:00', 'B102', 'SA007', 'IN0049'),
('RD00087', '2024-02-01 15:23:25', '2024-02-15 15:30:20', '2024-02-01 00:00:00', '2024-02-15 00:00:00', 'B201', 'SA007', 'IN0050'),
('RD00088', '2024-02-01 15:23:33', '2024-02-15 15:30:26', '2024-02-01 00:00:00', '2024-02-15 00:00:00', 'B202', 'SA007', 'IN0050'),
('RD00089', '2024-02-01 15:23:39', '2024-02-15 15:30:31', '2024-02-01 00:00:00', '2024-02-15 00:00:00', 'C101', 'SA007', 'IN0048'),
('RD00090', '2024-02-01 15:23:46', '2024-02-15 15:30:38', '2024-02-01 00:00:00', '2024-02-15 00:00:00', 'C102', 'SA007', 'IN0046'),
('RD00091', '2024-02-21 08:00:15', '2024-02-21 08:15:03', '2024-02-21 00:00:00', '2024-02-21 00:00:00', 'A101', 'SA006', 'IN0051'),
('RD00092', '2024-02-21 08:13:12', '2024-02-21 08:14:05', '2024-02-21 00:00:00', '2024-02-21 00:00:00', 'A102', 'SA006', 'IN0052');

-- --------------------------------------------------------

--
-- Cấu trúc bảng cho bảng `reservation`
--

CREATE TABLE `reservation` (
  `ID` varchar(50) NOT NULL,
  `CreatedAt` datetime NOT NULL,
  `CustomerID` varchar(50) DEFAULT NULL,
  `StaffID` varchar(50) DEFAULT NULL
) ENGINE=InnoDB DEFAULT CHARSET=utf8mb4 COLLATE=utf8mb4_general_ci;

--
-- Đang đổ dữ liệu cho bảng `reservation`
--

INSERT INTO `reservation` (`ID`, `CreatedAt`, `CustomerID`, `StaffID`) VALUES
('RE00001', '2023-09-01 09:27:17', 'CU001', 'SA007'),
('RE00002', '2023-09-01 09:28:09', 'CU002', 'SA007'),
('RE00003', '2023-09-01 09:29:25', 'CU003', 'SA007'),
('RE00004', '2023-09-01 09:30:09', 'CU004', 'SA007'),
('RE00005', '2023-09-01 09:30:35', 'CU005', 'SA007'),
('RE00006', '2023-09-01 09:30:52', 'CU006', 'SA007'),
('RE00007', '2023-09-01 09:31:25', 'CU007', 'SA007'),
('RE00008', '2023-09-01 09:31:46', 'CU007', 'SA007'),
('RE00009', '2023-09-01 09:32:03', 'CU009', 'SA007'),
('RE00010', '2023-09-01 09:32:27', 'CU010', 'SA007'),
('RE00011', '2023-09-01 09:32:46', 'CU011', 'SA007'),
('RE00012', '2023-09-06 09:50:40', 'CU012', 'SA006'),
('RE00013', '2023-09-06 09:51:02', 'CU013', 'SA006'),
('RE00014', '2023-09-06 09:57:05', 'CU017', 'SA006'),
('RE00015', '2023-09-06 09:59:27', 'CU018', 'SA006'),
('RE00016', '2023-09-15 10:12:45', 'CU020', 'SA006'),
('RE00017', '2023-09-15 10:13:02', 'CU021', 'SA006'),
('RE00018', '2023-09-15 10:13:27', 'CU022', 'SA006'),
('RE00019', '2023-09-15 10:13:53', 'CU023', 'SA006'),
('RE00020', '2023-10-01 10:29:35', 'CU001', 'SA008'),
('RE00021', '2023-10-01 10:30:10', 'CU002', 'SA008'),
('RE00022', '2023-10-01 10:32:18', 'CU003', 'SA008'),
('RE00023', '2023-10-01 10:32:41', 'CU004', 'SA008'),
('RE00024', '2023-10-01 10:33:24', 'CU005', 'SA008'),
('RE00025', '2023-10-13 10:43:30', 'CU006', 'SA008'),
('RE00026', '2023-10-13 10:46:14', 'CU007', 'SA008'),
('RE00027', '2023-10-13 10:46:39', 'CU008', 'SA008'),
('RE00028', '2023-11-01 14:21:03', 'CU007', 'SA006'),
('RE00029', '2023-11-01 14:21:30', 'CU008', 'SA006'),
('RE00030', '2023-11-01 14:24:00', 'CU009', 'SA006'),
('RE00031', '2023-11-01 14:24:50', 'CU011', 'SA006'),
('RE00032', '2023-11-10 14:32:00', 'CU012', 'SA006'),
('RE00033', '2023-11-10 14:32:29', 'CU013', 'SA006'),
('RE00034', '2023-11-10 14:33:14', 'CU014', 'SA006'),
('RE00035', '2023-12-01 14:38:04', 'CU015', 'SA006'),
('RE00036', '2023-12-01 14:38:31', 'CU016', 'SA006'),
('RE00037', '2023-12-01 14:39:00', 'CU017', 'SA006'),
('RE00038', '2023-12-01 14:39:21', 'CU018', 'SA006'),
('RE00039', '2023-12-02 14:42:36', 'CU023', 'SA008'),
('RE00040', '2024-01-01 14:57:25', 'CU006', 'SA007'),
('RE00041', '2024-01-01 14:58:21', 'CU006', 'SA007'),
('RE00042', '2024-01-01 14:58:51', 'CU007', 'SA007'),
('RE00043', '2024-01-01 14:59:14', 'CU008', 'SA007'),
('RE00044', '2024-01-10 15:03:41', 'CU009', 'SA007'),
('RE00045', '2024-01-10 15:03:53', 'CU010', 'SA007'),
('RE00046', '2024-01-10 15:04:08', 'CU011', 'SA007'),
('RE00047', '2024-02-01 15:20:39', 'CU012', 'SA007'),
('RE00048', '2024-02-01 15:20:56', 'CU013', 'SA007'),
('RE00049', '2024-02-01 15:21:25', 'CU016', 'SA007'),
('RE00050', '2024-02-01 15:22:06', 'CU018', 'SA007'),
('RE00051', '2024-02-01 15:22:33', 'CU019', 'SA007'),
('RE00052', '2024-02-21 07:33:26', 'CU003', 'SA006'),
('RE00053', '2024-02-21 07:59:49', 'CU005', 'SA006'),
('RE00054', '2024-02-21 08:12:43', 'CU024', 'SA006');

-- --------------------------------------------------------

--
-- Cấu trúc bảng cho bảng `role`
--

CREATE TABLE `role` (
  `ID` varchar(50) NOT NULL,
  `Name` varchar(50) DEFAULT NULL
) ENGINE=InnoDB DEFAULT CHARSET=utf8mb4 COLLATE=utf8mb4_general_ci;

--
-- Đang đổ dữ liệu cho bảng `role`
--

INSERT INTO `role` (`ID`, `Name`) VALUES
('RO01', 'Manage'),
('RO02', 'Staff');

-- --------------------------------------------------------

--
-- Cấu trúc bảng cho bảng `room`
--

CREATE TABLE `room` (
  `ID` varchar(50) NOT NULL,
  `Status` int(11) DEFAULT NULL,
  `RoomTypeID` varchar(50) DEFAULT NULL
) ENGINE=InnoDB DEFAULT CHARSET=utf8mb4 COLLATE=utf8mb4_general_ci;

--
-- Đang đổ dữ liệu cho bảng `room`
--

INSERT INTO `room` (`ID`, `Status`, `RoomTypeID`) VALUES
('A101', 0, 'RT01'),
('A102', 0, 'RT03'),
('A103', 0, 'RT03'),
('A201', 0, 'RT02'),
('A202', 0, 'RT06'),
('B101', 0, 'RT06'),
('B102', 0, 'RT06'),
('B201', 0, 'RT05'),
('B202', 0, 'RT05'),
('C101', 0, 'RT02'),
('C102', 0, 'RT01');

-- --------------------------------------------------------

--
-- Cấu trúc bảng cho bảng `room_reservation`
--

CREATE TABLE `room_reservation` (
  `ID` varchar(50) NOT NULL,
  `StartTime` varchar(50) DEFAULT NULL,
  `EndTime` varchar(50) DEFAULT NULL,
  `Status` int(11) DEFAULT NULL,
  `ReservationID` varchar(50) DEFAULT NULL,
  `RoomID` varchar(50) DEFAULT NULL
) ENGINE=InnoDB DEFAULT CHARSET=utf8mb4 COLLATE=utf8mb4_general_ci;

--
-- Đang đổ dữ liệu cho bảng `room_reservation`
--

INSERT INTO `room_reservation` (`ID`, `StartTime`, `EndTime`, `Status`, `ReservationID`, `RoomID`) VALUES
('RR00002', '2023-09-01 00:00:00', '2023-09-03 00:00:00', 3, 'RE00002', 'A102'),
('RR00003', '2023-09-01 00:00:00', '2023-09-01 00:00:00', 3, 'RE00003', 'A103'),
('RR00004', '2023-09-01 00:00:00', '2023-09-05 00:00:00', 3, 'RE00004', 'A201'),
('RR00005', '2023-09-01 00:00:00', '2023-09-02 00:00:00', 3, 'RE00005', 'A202'),
('RR00006', '2023-09-01 00:00:00', '2023-09-06 00:00:00', 3, 'RE00006', 'B101'),
('RR00007', '2023-09-01 00:00:00', '2023-09-01 00:00:00', 3, 'RE00007', 'B102'),
('RR00008', '2023-09-01 00:00:00', '2023-09-01 00:00:00', 3, 'RE00008', 'B201'),
('RR00009', '2023-09-01 00:00:00', '2023-09-01 00:00:00', 3, 'RE00009', 'B202'),
('RR00010', '2023-09-01 00:00:00', '2023-09-01 00:00:00', 3, 'RE00010', 'C101'),
('RR00011', '2023-09-01 00:00:00', '2023-09-01 00:00:00', 3, 'RE00011', 'C102'),
('RR00012', '2023-09-01 00:00:00', '2023-09-04 00:00:00', 3, 'RE00001', 'A101'),
('RR00022', '2023-09-06 00:00:00', '2023-09-09 00:00:00', 3, 'RE00012', 'A101'),
('RR00023', '2023-09-06 00:00:00', '2023-09-09 00:00:00', 3, 'RE00012', 'A102'),
('RR00024', '2023-09-06 00:00:00', '2023-09-09 00:00:00', 3, 'RE00012', 'A103'),
('RR00025', '2023-09-06 00:00:00', '2023-09-10 00:00:00', 3, 'RE00013', 'A201'),
('RR00026', '2023-09-06 00:00:00', '2023-09-10 00:00:00', 3, 'RE00013', 'A202'),
('RR00027', '2023-09-06 00:00:00', '2023-09-14 00:00:00', 3, 'RE00014', 'B101'),
('RR00028', '2023-09-06 00:00:00', '2023-09-14 00:00:00', 3, 'RE00014', 'B102'),
('RR00029', '2023-09-06 00:00:00', '2023-09-15 00:00:00', 3, 'RE00015', 'B201'),
('RR00030', '2023-09-06 00:00:00', '2023-09-15 00:00:00', 3, 'RE00015', 'B202'),
('RR00031', '2023-09-06 00:00:00', '2023-09-15 00:00:00', 3, 'RE00015', 'C101'),
('RR00032', '2023-09-06 00:00:00', '2023-09-15 00:00:00', 3, 'RE00015', 'C102'),
('RR00033', '2023-09-15 00:00:00', '2023-09-30 00:00:00', 3, 'RE00016', 'A102'),
('RR00034', '2023-09-15 00:00:00', '2023-09-30 00:00:00', 3, 'RE00016', 'A103'),
('RR00035', '2023-09-15 00:00:00', '2023-09-30 00:00:00', 3, 'RE00016', 'B201'),
('RR00036', '2023-09-15 00:00:00', '2023-09-30 00:00:00', 3, 'RE00016', 'B202'),
('RR00037', '2023-09-15 00:00:00', '2023-09-30 00:00:00', 3, 'RE00017', 'A101'),
('RR00038', '2023-09-15 00:00:00', '2023-09-30 00:00:00', 3, 'RE00017', 'C102'),
('RR00039', '2023-09-15 00:00:00', '2023-09-30 00:00:00', 3, 'RE00018', 'A201'),
('RR00040', '2023-09-15 00:00:00', '2023-09-30 00:00:00', 3, 'RE00018', 'C101'),
('RR00041', '2023-09-15 00:00:00', '2023-09-30 00:00:00', 3, 'RE00019', 'A202'),
('RR00042', '2023-09-15 00:00:00', '2023-09-30 00:00:00', 3, 'RE00019', 'B101'),
('RR00043', '2023-09-15 00:00:00', '2023-09-30 00:00:00', 3, 'RE00019', 'B102'),
('RR00044', '2023-10-01 00:00:00', '2023-10-13 00:00:00', 3, 'RE00020', 'A101'),
('RR00045', '2023-10-01 00:00:00', '2023-10-13 00:00:00', 3, 'RE00020', 'C102'),
('RR00046', '2023-10-01 00:00:00', '2023-10-13 00:00:00', 3, 'RE00021', 'A102'),
('RR00047', '2023-10-01 00:00:00', '2023-10-13 00:00:00', 3, 'RE00021', 'A103'),
('RR00048', '2023-10-01 00:00:00', '2023-10-13 00:00:00', 3, 'RE00022', 'A202'),
('RR00049', '2023-10-01 00:00:00', '2023-10-13 00:00:00', 3, 'RE00022', 'B101'),
('RR00050', '2023-10-01 00:00:00', '2023-10-13 00:00:00', 3, 'RE00022', 'B102'),
('RR00051', '2023-10-01 00:00:00', '2023-10-13 00:00:00', 3, 'RE00023', 'A201'),
('RR00052', '2023-10-01 00:00:00', '2023-10-13 00:00:00', 3, 'RE00023', 'C101'),
('RR00053', '2023-10-01 00:00:00', '2023-10-13 00:00:00', 3, 'RE00024', 'B201'),
('RR00054', '2023-10-01 00:00:00', '2023-10-13 00:00:00', 3, 'RE00024', 'B202'),
('RR00055', '2023-10-13 00:00:00', '2023-10-13 00:00:00', 3, 'RE00025', 'A102'),
('RR00056', '2023-10-13 00:00:00', '2023-10-13 00:00:00', 3, 'RE00025', 'A103'),
('RR00057', '2023-10-13 00:00:00', '2023-10-30 00:00:00', 3, 'RE00026', 'B201'),
('RR00058', '2023-10-13 00:00:00', '2023-10-30 00:00:00', 3, 'RE00026', 'B202'),
('RR00059', '2023-10-13 00:00:00', '2023-10-31 00:00:00', 3, 'RE00027', 'A202'),
('RR00060', '2023-10-13 00:00:00', '2023-10-31 00:00:00', 3, 'RE00027', 'B102'),
('RR00061', '2023-11-01 00:00:00', '2023-11-10 00:00:00', 3, 'RE00028', 'A101'),
('RR00062', '2023-11-01 00:00:00', '2023-11-10 00:00:00', 3, 'RE00028', 'C102'),
('RR00063', '2023-11-01 00:00:00', '2023-11-01 00:00:00', 2, 'RE00029', 'A201'),
('RR00064', '2023-11-01 00:00:00', '2023-11-01 00:00:00', 2, 'RE00029', 'C101'),
('RR00067', '2023-11-01 00:00:00', '2023-11-30 00:00:00', 3, 'RE00031', 'C101'),
('RR00068', '2023-11-01 00:00:00', '2023-11-10 00:00:00', 3, 'RE00030', 'A103'),
('RR00069', '2023-11-01 00:00:00', '2023-11-10 00:00:00', 3, 'RE00030', 'A102'),
('RR00070', '2023-11-10 00:00:00', '2023-11-20 00:00:00', 3, 'RE00032', 'A102'),
('RR00071', '2023-11-10 00:00:00', '2023-11-20 00:00:00', 3, 'RE00032', 'A103'),
('RR00072', '2023-11-10 00:00:00', '2023-11-20 00:00:00', 3, 'RE00033', 'A201'),
('RR00073', '2023-11-10 00:00:00', '2023-11-20 00:00:00', 3, 'RE00033', 'B202'),
('RR00074', '2023-11-10 00:00:00', '2023-11-20 00:00:00', 2, 'RE00033', 'C101'),
('RR00075', '2023-11-10 00:00:00', '2023-11-10 00:00:00', 3, 'RE00034', 'C102'),
('RR00076', '2023-12-01 00:00:00', '2023-12-31 00:00:00', 3, 'RE00035', 'A102'),
('RR00077', '2023-12-01 00:00:00', '2023-12-31 00:00:00', 3, 'RE00035', 'A103'),
('RR00078', '2023-12-01 00:00:00', '2023-12-01 00:00:00', 3, 'RE00036', 'A101'),
('RR00079', '2023-12-01 00:00:00', '2023-12-01 00:00:00', 3, 'RE00036', 'A201'),
('RR00080', '2023-12-01 00:00:00', '2023-12-10 00:00:00', 3, 'RE00037', 'A202'),
('RR00081', '2023-12-01 00:00:00', '2023-12-10 00:00:00', 3, 'RE00038', 'B201'),
('RR00082', '2023-12-01 00:00:00', '2023-12-10 00:00:00', 3, 'RE00038', 'B202'),
('RR00083', '2023-12-02 00:00:00', '2023-12-31 00:00:00', 3, 'RE00039', 'B101'),
('RR00084', '2024-01-01 00:00:00', '2024-01-10 00:00:00', 3, 'RE00040', 'A102'),
('RR00085', '2024-01-01 00:00:00', '2024-01-10 00:00:00', 3, 'RE00040', 'A103'),
('RR00086', '2024-01-01 00:00:00', '2024-01-10 00:00:00', 3, 'RE00041', 'A101'),
('RR00087', '2024-01-01 00:00:00', '2024-01-10 00:00:00', 3, 'RE00041', 'C102'),
('RR00088', '2024-01-01 00:00:00', '2024-01-10 00:00:00', 3, 'RE00042', 'A201'),
('RR00089', '2024-01-01 00:00:00', '2024-01-10 00:00:00', 3, 'RE00042', 'C101'),
('RR00090', '2024-01-01 00:00:00', '2024-01-10 00:00:00', 3, 'RE00043', 'B201'),
('RR00091', '2024-01-01 00:00:00', '2024-01-10 00:00:00', 3, 'RE00043', 'B202'),
('RR00092', '2024-01-10 00:00:00', '2024-01-31 00:00:00', 3, 'RE00044', 'A202'),
('RR00093', '2024-01-10 00:00:00', '2024-01-31 00:00:00', 3, 'RE00045', 'B101'),
('RR00094', '2024-01-10 00:00:00', '2024-01-31 00:00:00', 3, 'RE00046', 'B102'),
('RR00095', '2024-02-01 00:00:00', '2024-02-15 00:00:00', 3, 'RE00047', 'A102'),
('RR00096', '2024-02-01 00:00:00', '2024-02-15 00:00:00', 3, 'RE00047', 'A103'),
('RR00097', '2024-02-01 00:00:00', '2024-02-15 00:00:00', 3, 'RE00048', 'A201'),
('RR00098', '2024-02-01 00:00:00', '2024-02-15 00:00:00', 3, 'RE00048', 'C101'),
('RR00099', '2024-02-01 00:00:00', '2024-02-15 00:00:00', 3, 'RE00049', 'A202'),
('RR00100', '2024-02-01 00:00:00', '2024-02-15 00:00:00', 3, 'RE00049', 'B101'),
('RR00101', '2024-02-01 00:00:00', '2024-02-15 00:00:00', 3, 'RE00049', 'B102'),
('RR00102', '2024-02-01 00:00:00', '2024-02-15 00:00:00', 3, 'RE00050', 'A101'),
('RR00103', '2024-02-01 00:00:00', '2024-02-15 00:00:00', 3, 'RE00050', 'C102'),
('RR00104', '2024-02-01 00:00:00', '2024-02-15 00:00:00', 3, 'RE00051', 'B201'),
('RR00105', '2024-02-01 00:00:00', '2024-02-15 00:00:00', 3, 'RE00051', 'B202'),
('RR00106', '2024-02-21 00:00:00', '2024-02-21 00:00:00', 3, 'RE00052', 'A101'),
('RR00107', '2024-02-21 00:00:00', '2024-02-21 00:00:00', 0, 'RE00053', 'A201'),
('RR00108', '2024-02-21 00:00:00', '2024-02-21 00:00:00', 3, 'RE00054', 'A102');

-- --------------------------------------------------------

--
-- Cấu trúc bảng cho bảng `room_type`
--

CREATE TABLE `room_type` (
  `ID` varchar(50) NOT NULL,
  `Name` varchar(50) DEFAULT NULL,
  `UnitPrice` double DEFAULT NULL
) ENGINE=InnoDB DEFAULT CHARSET=utf8mb4 COLLATE=utf8mb4_general_ci;

--
-- Đang đổ dữ liệu cho bảng `room_type`
--

INSERT INTO `room_type` (`ID`, `Name`, `UnitPrice`) VALUES
('RT01', 'Thông thường', 150000),
('RT02', 'Đơn', 200000),
('RT03', 'Cao cấp', 250000),
('RT04', 'Gia đình', 300000),
('RT05', 'Sang trọng ', 400000),
('RT06', 'Đôi', 500000),
('RT07', 'view đẹp', 1000000),
('RT08', 'Phòng Cách Âm', 6000000);

-- --------------------------------------------------------

--
-- Cấu trúc bảng cho bảng `service`
--

CREATE TABLE `service` (
  `ID` varchar(50) NOT NULL,
  `Name` varchar(50) DEFAULT NULL,
  `UnitPrice` double DEFAULT NULL,
  `Unit` varchar(50) DEFAULT NULL,
  `ServiceTypeID` varchar(50) DEFAULT NULL
) ENGINE=InnoDB DEFAULT CHARSET=utf8mb4 COLLATE=utf8mb4_general_ci;

--
-- Đang đổ dữ liệu cho bảng `service`
--

INSERT INTO `service` (`ID`, `Name`, `UnitPrice`, `Unit`, `ServiceTypeID`) VALUES
('SE001', 'Sting Vàng', 10000, 'Chai', 'ST04'),
('SE002', 'Bò nướng muối ớt', 300000, 'Dĩa ', 'ST02'),
('SE003', 'Xe khách', 100000, 'Chuyến', 'ST03'),
('SE004', 'Xông hơi', 1000000, 'Lượt', 'ST05'),
('SE005', 'Hớt tóc', 50000, 'Đồng', 'ST08'),
('SE006', 'Karaoke', 50000, 'Giờ', 'ST06'),
('SE007', 'Coca', 8000, 'Chai', 'ST04'),
('SE008', 'Pepsi', 10000, 'Chai', 'ST04'),
('SE009', 'Bia Saigon', 12000, 'Lon', 'ST02'),
('SE010', 'Bia 333', 13000, 'Lon', 'ST04'),
('SE011', '7UP', 7000, 'Chai', 'ST02'),
('SE012', 'Pizza', 130000, 'Phần', 'ST02'),
('SE013', 'Hamburger', 20000, 'Cái', 'ST02'),
('SE014', 'Làm nail', 120000, 'Lượt', 'ST08'),
('SE015', 'Phở', 40000, 'Tô', 'ST02'),
('SE016', 'Bánh mì heo quay', 25000, 'Ổ', 'ST02'),
('SE017', 'Bún bò Huế', 40000, 'Tô', 'ST02'),
('SE018', 'Cà phê -Đen đá không đường', 12000, 'Ly', 'ST04'),
('SE019', 'Cà phê sữa', 12000, 'Ly', 'ST04'),
('SE020', 'Make up', 120000, 'Lượt', 'ST08'),
('SE021', 'Khăn lạnh', 2000, 'Cái', 'ST07'),
('SE022', 'Bún đậu mắm tôm', 30000, 'Phần', 'ST02'),
('SE023', 'Sting đỏ', 8000, 'Chai', 'ST04'),
('SE024', 'PL', 10000, 'lon', 'ST04');

-- --------------------------------------------------------

--
-- Cấu trúc bảng cho bảng `service_type`
--

CREATE TABLE `service_type` (
  `ID` varchar(50) NOT NULL,
  `Name` varchar(50) DEFAULT NULL
) ENGINE=InnoDB DEFAULT CHARSET=utf8mb4 COLLATE=utf8mb4_general_ci;

--
-- Đang đổ dữ liệu cho bảng `service_type`
--

INSERT INTO `service_type` (`ID`, `Name`) VALUES
('ST02', 'Đồ ăn'),
('ST03', 'Đưa đón'),
('ST04', 'Nước uống'),
('ST05', 'Bơi lội'),
('ST06', 'Ca hát '),
('ST07', 'Thư giãn'),
('ST08', 'Sắc đẹp');

-- --------------------------------------------------------

--
-- Cấu trúc bảng cho bảng `staff`
--

CREATE TABLE `staff` (
  `ID` varchar(50) NOT NULL,
  `FullName` varchar(50) DEFAULT NULL,
  `Gender` varchar(50) DEFAULT NULL,
  `Birthday` date DEFAULT NULL,
  `Address` varchar(50) DEFAULT NULL,
  `CitizenID` varchar(50) DEFAULT NULL,
  `PhoneNumber` varchar(50) DEFAULT NULL,
  `Salary` double DEFAULT NULL,
  `Status` int(11) DEFAULT NULL,
  `ImageLink` varchar(300) DEFAULT NULL,
  `PermissionGroupID` varchar(50) DEFAULT NULL,
  `RoleID` varchar(50) DEFAULT NULL,
  `UID` varchar(50) DEFAULT NULL
) ENGINE=InnoDB DEFAULT CHARSET=utf8mb4 COLLATE=utf8mb4_general_ci;

--
-- Đang đổ dữ liệu cho bảng `staff`
--

INSERT INTO `staff` (`ID`, `FullName`, `Gender`, `Birthday`, `Address`, `CitizenID`, `PhoneNumber`, `Salary`, `Status`, `ImageLink`, `PermissionGroupID`, `RoleID`, `UID`) VALUES
('SA003', 'Nguyễn Khánh Nam', '1', '1998-03-19', 'Đà Nẵng', '123456789', '0987654321', 4000000, 1, NULL, '01', 'RO01', '002'),
('SA005', 'Lâm Tuấn Long', '0', '2003-01-01', 'TP HỒ CHÍ MINH', '369875412862', '0369874512', 1000000, 0, NULL, '02', 'RO02', '003'),
('SA006', 'Lê Tấn Minh Toàn', '0', '2003-05-25', 'TP Ho Chi Minh', '056332198326', '0923326749', 100000, 0, NULL, '04', 'RO01', '004'),
('SA007', 'Huỳnh Xuân Bách', '0', '2024-02-17', 'TPHCM', '056274286391', '0923357812', 0, 0, NULL, '04', 'RO01', '005'),
('SA008', 'Nguyễn Nhật Khải', '0', '2024-02-17', 'Q5 TPHCM', '225617558', '0928756963', 0, 0, NULL, '04', 'RO02', '006');

-- --------------------------------------------------------

--
-- Cấu trúc bảng cho bảng `use_service_detail`
--

CREATE TABLE `use_service_detail` (
  `ID` varchar(50) NOT NULL,
  `Quantity` int(11) DEFAULT NULL,
  `ServiceID` varchar(50) DEFAULT NULL,
  `RentRoomID` varchar(50) DEFAULT NULL,
  `StaffID` varchar(50) DEFAULT NULL
) ENGINE=InnoDB DEFAULT CHARSET=utf8mb4 COLLATE=utf8mb4_general_ci;

--
-- Đang đổ dữ liệu cho bảng `use_service_detail`
--

INSERT INTO `use_service_detail` (`ID`, `Quantity`, `ServiceID`, `RentRoomID`, `StaffID`) VALUES
('SD00005', 2, 'SE011', 'RD00001', 'SA007'),
('SD00006', 1, 'SE012', 'RD00001', 'SA007'),
('SD00007', 1, 'SE015', 'RD00001', 'SA007'),
('SD00008', 1, 'SE016', 'RD00001', 'SA007'),
('SD00009', 1, 'SE003', 'RD00001', 'SA007'),
('SD00010', 1, 'SE002', 'RD00001', 'SA007'),
('SD00011', 1, 'SE016', 'RD00009', 'SA007'),
('SD00012', 1, 'SE003', 'RD00009', 'SA007'),
('SD00013', 1, 'SE008', 'RD00009', 'SA007'),
('SD00014', 1, 'SE006', 'RD00009', 'SA007'),
('SD00015', 1, 'SE016', 'RD00008', 'SA007'),
('SD00016', 2, 'SE003', 'RD00008', 'SA007'),
('SD00017', 2, 'SE010', 'RD00008', 'SA007'),
('SD00018', 1, 'SE015', 'RD00008', 'SA007'),
('SD00019', 1, 'SE018', 'RD00008', 'SA007'),
('SD00020', 1, 'SE015', 'RD00007', 'SA007'),
('SD00021', 1, 'SE007', 'RD00007', 'SA007'),
('SD00022', 1, 'SE018', 'RD00007', 'SA007'),
('SD00023', 1, 'SE022', 'RD00007', 'SA007'),
('SD00024', 1, 'SE006', 'RD00007', 'SA007'),
('SD00025', 1, 'SE021', 'RD00007', 'SA007'),
('SD00026', 1, 'SE005', 'RD00007', 'SA007'),
('SD00027', 1, 'SE002', 'RD00007', 'SA007'),
('SD00028', 1, 'SE013', 'RD00005', 'SA007'),
('SD00029', 1, 'SE016', 'RD00005', 'SA007'),
('SD00030', 1, 'SE022', 'RD00005', 'SA007'),
('SD00031', 1, 'SE008', 'RD00005', 'SA007'),
('SD00032', 1, 'SE010', 'RD00005', 'SA007'),
('SD00033', 2, 'SE002', 'RD00002', 'SA007'),
('SD00034', 1, 'SE011', 'RD00002', 'SA007'),
('SD00035', 1, 'SE016', 'RD00002', 'SA007'),
('SD00036', 1, 'SE017', 'RD00002', 'SA007'),
('SD00037', 1, 'SE020', 'RD00003', 'SA007'),
('SD00038', 1, 'SE004', 'RD00003', 'SA007'),
('SD00039', 1, 'SE017', 'RD00003', 'SA007'),
('SD00040', 1, 'SE022', 'RD00004', 'SA007'),
('SD00041', 1, 'SE007', 'RD00004', 'SA007'),
('SD00042', 3, 'SE011', 'RD00012', 'SA006'),
('SD00043', 2, 'SE012', 'RD00012', 'SA006'),
('SD00044', 1, 'SE013', 'RD00012', 'SA006'),
('SD00045', 1, 'SE015', 'RD00012', 'SA006'),
('SD00046', 2, 'SE017', 'RD00012', 'SA006'),
('SD00047', 1, 'SE003', 'RD00012', 'SA006'),
('SD00048', 1, 'SE001', 'RD00012', 'SA006'),
('SD00049', 1, 'SE008', 'RD00012', 'SA006'),
('SD00050', 2, 'SE019', 'RD00012', 'SA006'),
('SD00051', 1, 'SE006', 'RD00012', 'SA006'),
('SD00052', 1, 'SE004', 'RD00012', 'SA006'),
('SD00053', 3, 'SE009', 'RD00012', 'SA006'),
('SD00054', 2, 'SE016', 'RD00012', 'SA006'),
('SD00055', 1, 'SE015', 'RD00015', 'SA006'),
('SD00056', 4, 'SE017', 'RD00015', 'SA006'),
('SD00057', 1, 'SE015', 'RD00017', 'SA006'),
('SD00058', 2, 'SE016', 'RD00017', 'SA006'),
('SD00059', 1, 'SE022', 'RD00017', 'SA006'),
('SD00060', 1, 'SE007', 'RD00017', 'SA006'),
('SD00061', 1, 'SE010', 'RD00017', 'SA006'),
('SD00062', 1, 'SE018', 'RD00017', 'SA006'),
('SD00063', 1, 'SE019', 'RD00017', 'SA006'),
('SD00064', 1, 'SE023', 'RD00017', 'SA006'),
('SD00065', 1, 'SE004', 'RD00017', 'SA006'),
('SD00066', 1, 'SE006', 'RD00017', 'SA006'),
('SD00067', 1, 'SE021', 'RD00017', 'SA006'),
('SD00068', 2, 'SE020', 'RD00017', 'SA006'),
('SD00069', 5, 'SE015', 'RD00018', 'SA006'),
('SD00070', 1, 'SE017', 'RD00018', 'SA006'),
('SD00071', 1, 'SE016', 'RD00018', 'SA006'),
('SD00072', 1, 'SE016', 'RD00019', 'SA006'),
('SD00073', 1, 'SE003', 'RD00019', 'SA006'),
('SD00074', 1, 'SE007', 'RD00019', 'SA006'),
('SD00075', 1, 'SE019', 'RD00019', 'SA006'),
('SD00076', 8, 'SE017', 'RD00019', 'SA006'),
('SD00077', 5, 'SE012', 'RD00019', 'SA006'),
('SD00078', 9, 'SE009', 'RD00019', 'SA006'),
('SD00079', 13, 'SE011', 'RD00019', 'SA006'),
('SD00080', 13, 'SE006', 'RD00019', 'SA006'),
('SD00081', 1, 'SE002', 'RD00023', 'SA006'),
('SD00082', 1, 'SE011', 'RD00023', 'SA006'),
('SD00083', 1, 'SE013', 'RD00023', 'SA006'),
('SD00084', 1, 'SE015', 'RD00023', 'SA006'),
('SD00085', 1, 'SE016', 'RD00023', 'SA006'),
('SD00086', 1, 'SE017', 'RD00023', 'SA006'),
('SD00087', 1, 'SE022', 'RD00023', 'SA006'),
('SD00088', 1, 'SE003', 'RD00023', 'SA006'),
('SD00089', 1, 'SE001', 'RD00023', 'SA006'),
('SD00090', 3, 'SE004', 'RD00023', 'SA006'),
('SD00091', 1, 'SE006', 'RD00023', 'SA006'),
('SD00092', 7, 'SE005', 'RD00023', 'SA006'),
('SD00093', 10, 'SE004', 'RD00024', 'SA006'),
('SD00094', 4, 'SE004', 'RD00031', 'SA006'),
('SD00095', 11, 'SE016', 'RD00031', 'SA006'),
('SD00096', 1, 'SE015', 'RD00031', 'SA006'),
('SD00097', 10, 'SE007', 'RD00031', 'SA006'),
('SD00098', 11, 'SE016', 'RD00028', 'SA006'),
('SD00099', 7, 'SE003', 'RD00028', 'SA006'),
('SD00100', 6, 'SE010', 'RD00028', 'SA006'),
('SD00101', 6, 'SE018', 'RD00028', 'SA006'),
('SD00102', 6, 'SE023', 'RD00028', 'SA006'),
('SD00103', 5, 'SE002', 'RD00028', 'SA006'),
('SD00104', 4, 'SE007', 'RD00028', 'SA006'),
('SD00105', 2, 'SE008', 'RD00028', 'SA006'),
('SD00106', 9, 'SE002', 'RD00034', 'SA008'),
('SD00107', 20, 'SE001', 'RD00034', 'SA008'),
('SD00108', 10, 'SE008', 'RD00044', 'SA008'),
('SD00109', 10, 'SE017', 'RD00044', 'SA008'),
('SD00110', 13, 'SE023', 'RD00035', 'SA008'),
('SD00111', 7, 'SE002', 'RD00035', 'SA008'),
('SD00112', 6, 'SE012', 'RD00035', 'SA008'),
('SD00113', 9, 'SE015', 'RD00036', 'SA008'),
('SD00114', 6, 'SE013', 'RD00036', 'SA008'),
('SD00115', 6, 'SE012', 'RD00036', 'SA008'),
('SD00116', 7, 'SE001', 'RD00037', 'SA008'),
('SD00117', 1, 'SE003', 'RD00037', 'SA008'),
('SD00118', 4, 'SE017', 'RD00037', 'SA008'),
('SD00119', 1, 'SE018', 'RD00037', 'SA008'),
('SD00120', 10, 'SE010', 'RD00038', 'SA008'),
('SD00121', 1, 'SE020', 'RD00038', 'SA008'),
('SD00122', 1, 'SE014', 'RD00038', 'SA008'),
('SD00123', 1, 'SE005', 'RD00038', 'SA008'),
('SD00124', 1, 'SE003', 'RD00039', 'SA008'),
('SD00125', 10, 'SE011', 'RD00039', 'SA008'),
('SD00126', 1, 'SE009', 'RD00039', 'SA008'),
('SD00127', 1, 'SE004', 'RD00039', 'SA008'),
('SD00128', 1, 'SE014', 'RD00039', 'SA008'),
('SD00129', 1, 'SE020', 'RD00039', 'SA008'),
('SD00130', 1, 'SE003', 'RD00043', 'SA008'),
('SD00131', 1, 'SE017', 'RD00043', 'SA008'),
('SD00132', 1, 'SE012', 'RD00043', 'SA008'),
('SD00133', 1, 'SE008', 'RD00043', 'SA008'),
('SD00136', 17, 'SE008', 'RD00047', 'SA008'),
('SD00137', 14, 'SE015', 'RD00047', 'SA008'),
('SD00138', 1, 'SE016', 'RD00047', 'SA008'),
('SD00139', 1, 'SE015', 'RD00048', 'SA008'),
('SD00140', 4, 'SE008', 'RD00048', 'SA008'),
('SD00141', 3, 'SE006', 'RD00048', 'SA008'),
('SD00142', 1, 'SE002', 'RD00049', 'SA008'),
('SD00143', 24, 'SE009', 'RD00049', 'SA008'),
('SD00144', 1, 'SE011', 'RD00049', 'SA008'),
('SD00145', 1, 'SE015', 'RD00049', 'SA008'),
('SD00146', 1, 'SE022', 'RD00049', 'SA008'),
('SD00147', 1, 'SE022', 'RD00050', 'SA008'),
('SD00148', 1, 'SE016', 'RD00050', 'SA008'),
('SD00149', 1, 'SE003', 'RD00050', 'SA008'),
('SD00150', 1, 'SE002', 'RD00051', 'SA006'),
('SD00151', 25, 'SE009', 'RD00051', 'SA006'),
('SD00152', 1, 'SE014', 'RD00051', 'SA006'),
('SD00153', 1, 'SE020', 'RD00051', 'SA006'),
('SD00154', 2, 'SE002', 'RD00052', 'SA006'),
('SD00155', 4, 'SE011', 'RD00052', 'SA006'),
('SD00156', 1, 'SE012', 'RD00052', 'SA006'),
('SD00157', 1, 'SE013', 'RD00052', 'SA006'),
('SD00158', 1, 'SE015', 'RD00052', 'SA006'),
('SD00159', 1, 'SE022', 'RD00052', 'SA006'),
('SD00160', 1, 'SE016', 'RD00053', 'SA006'),
('SD00161', 1, 'SE017', 'RD00053', 'SA006'),
('SD00162', 1, 'SE022', 'RD00053', 'SA006'),
('SD00163', 1, 'SE003', 'RD00053', 'SA006'),
('SD00164', 4, 'SE009', 'RD00053', 'SA006'),
('SD00165', 1, 'SE013', 'RD00053', 'SA006'),
('SD00166', 1, 'SE010', 'RD00053', 'SA006'),
('SD00167', 1, 'SE008', 'RD00053', 'SA006'),
('SD00168', 3, 'SE007', 'RD00053', 'SA006'),
('SD00169', 1, 'SE011', 'RD00055', 'SA006'),
('SD00170', 1, 'SE012', 'RD00055', 'SA006'),
('SD00171', 1, 'SE013', 'RD00055', 'SA006'),
('SD00172', 3, 'SE015', 'RD00055', 'SA006'),
('SD00173', 1, 'SE016', 'RD00055', 'SA006'),
('SD00174', 2, 'SE017', 'RD00055', 'SA006'),
('SD00175', 6, 'SE022', 'RD00055', 'SA006'),
('SD00176', 4, 'SE008', 'RD00055', 'SA006'),
('SD00177', 1, 'SE015', 'RD00060', 'SA006'),
('SD00178', 1, 'SE012', 'RD00060', 'SA006'),
('SD00179', 4, 'SE004', 'RD00061', 'SA008'),
('SD00180', 14, 'SE002', 'RD00061', 'SA008'),
('SD00181', 7, 'SE009', 'RD00061', 'SA008'),
('SD00182', 2, 'SE013', 'RD00061', 'SA008'),
('SD00206', 5, 'SE002', 'RD00065', 'SA008'),
('SD00207', 2, 'SE012', 'RD00065', 'SA008'),
('SD00208', 3, 'SE017', 'RD00065', 'SA008'),
('SD00209', 2, 'SE022', 'RD00065', 'SA008'),
('SD00210', 6, 'SE007', 'RD00065', 'SA008'),
('SD00211', 4, 'SE010', 'RD00065', 'SA008'),
('SD00212', 6, 'SE023', 'RD00065', 'SA008'),
('SD00213', 4, 'SE004', 'RD00065', 'SA008'),
('SD00214', 3, 'SE005', 'RD00065', 'SA008'),
('SD00215', 2, 'SE016', 'RD00065', 'SA008'),
('SD00216', 19, 'SE012', 'RD00066', 'SA008'),
('SD00217', 4, 'SE015', 'RD00066', 'SA008'),
('SD00218', 18, 'SE006', 'RD00066', 'SA008'),
('SD00219', 3, 'SE012', 'RD00067', 'SA008'),
('SD00220', 3, 'SE022', 'RD00067', 'SA008'),
('SD00221', 5, 'SE007', 'RD00067', 'SA008'),
('SD00222', 3, 'SE008', 'RD00067', 'SA008'),
('SD00223', 5, 'SE004', 'RD00067', 'SA008'),
('SD00224', 1, 'SE001', 'RD00062', 'SA008'),
('SD00225', 38, 'SE002', 'RD00062', 'SA008'),
('SD00226', 4, 'SE003', 'RD00062', 'SA008'),
('SD00227', 6, 'SE004', 'RD00062', 'SA008'),
('SD00228', 1, 'SE007', 'RD00062', 'SA008'),
('SD00229', 1, 'SE008', 'RD00062', 'SA008'),
('SD00230', 1, 'SE012', 'RD00062', 'SA008'),
('SD00231', 3, 'SE015', 'RD00062', 'SA008'),
('SD00232', 12, 'SE016', 'RD00062', 'SA008'),
('SD00233', 1, 'SE018', 'RD00062', 'SA008'),
('SD00234', 1, 'SE019', 'RD00062', 'SA008'),
('SD00235', 1, 'SE022', 'RD00062', 'SA008'),
('SD00236', 42, 'SE017', 'RD00062', 'SA008'),
('SD00241', 7, 'SE002', 'RD00068', 'SA008'),
('SD00242', 3, 'SE010', 'RD00068', 'SA008'),
('SD00243', 8, 'SE013', 'RD00068', 'SA008'),
('SD00244', 9, 'SE017', 'RD00068', 'SA008'),
('SD00245', 27, 'SE019', 'RD00068', 'SA008'),
('SD00246', 10, 'SE004', 'RD00068', 'SA008'),
('SD00247', 12, 'SE022', 'RD00068', 'SA008'),
('SD00248', 1, 'SE009', 'RD00070', 'SA007'),
('SD00249', 1, 'SE011', 'RD00070', 'SA007'),
('SD00250', 1, 'SE001', 'RD00070', 'SA007'),
('SD00251', 1, 'SE007', 'RD00070', 'SA007'),
('SD00252', 1, 'SE008', 'RD00070', 'SA007'),
('SD00253', 2, 'SE019', 'RD00070', 'SA007'),
('SD00254', 2, 'SE004', 'RD00070', 'SA007'),
('SD00255', 2, 'SE006', 'RD00070', 'SA007'),
('SD00256', 3, 'SE002', 'RD00070', 'SA007'),
('SD00257', 4, 'SE020', 'RD00070', 'SA007'),
('SD00258', 1, 'SE018', 'RD00070', 'SA007'),
('SD00259', 1, 'SE003', 'RD00070', 'SA007'),
('SD00260', 1, 'SE017', 'RD00070', 'SA007'),
('SD00261', 1, 'SE012', 'RD00070', 'SA007'),
('SD00262', 1, 'SE022', 'RD00070', 'SA007'),
('SD00263', 18, 'SE002', 'RD00073', 'SA007'),
('SD00264', 5, 'SE011', 'RD00073', 'SA007'),
('SD00265', 4, 'SE013', 'RD00073', 'SA007'),
('SD00266', 4, 'SE022', 'RD00073', 'SA007'),
('SD00267', 2, 'SE008', 'RD00073', 'SA007'),
('SD00268', 3, 'SE010', 'RD00073', 'SA007'),
('SD00269', 3, 'SE019', 'RD00073', 'SA007'),
('SD00270', 5, 'SE004', 'RD00073', 'SA007'),
('SD00271', 1, 'SE006', 'RD00073', 'SA007'),
('SD00272', 3, 'SE005', 'RD00073', 'SA007'),
('SD00273', 9, 'SE002', 'RD00077', 'SA007'),
('SD00274', 3, 'SE009', 'RD00077', 'SA007'),
('SD00275', 5, 'SE016', 'RD00077', 'SA007'),
('SD00276', 4, 'SE007', 'RD00077', 'SA007'),
('SD00277', 1, 'SE001', 'RD00077', 'SA007'),
('SD00278', 1, 'SE005', 'RD00077', 'SA007'),
('SD00279', 1, 'SE004', 'RD00077', 'SA007'),
('SD00280', 10, 'SE008', 'RD00077', 'SA007'),
('SD00281', 1, 'SE015', 'RD00078', 'SA007'),
('SD00282', 1, 'SE016', 'RD00078', 'SA007'),
('SD00283', 1, 'SE022', 'RD00078', 'SA007'),
('SD00284', 1, 'SE002', 'RD00078', 'SA007'),
('SD00285', 1, 'SE003', 'RD00078', 'SA007'),
('SD00286', 2, 'SE010', 'RD00078', 'SA007'),
('SD00287', 3, 'SE006', 'RD00078', 'SA007'),
('SD00288', 2, 'SE004', 'RD00078', 'SA007'),
('SD00289', 4, 'SE023', 'RD00078', 'SA007'),
('SD00290', 2, 'SE007', 'RD00078', 'SA007'),
('SD00291', 1, 'SE002', 'RD00080', 'SA007'),
('SD00292', 30, 'SE009', 'RD00080', 'SA007'),
('SD00293', 1, 'SE002', 'RD00081', 'SA007'),
('SD00294', 1, 'SE011', 'RD00081', 'SA007'),
('SD00295', 1, 'SE001', 'RD00081', 'SA007'),
('SD00296', 1, 'SE007', 'RD00081', 'SA007'),
('SD00297', 1, 'SE008', 'RD00081', 'SA007'),
('SD00298', 1, 'SE005', 'RD00084', 'SA007'),
('SD00299', 1, 'SE004', 'RD00084', 'SA007'),
('SD00300', 1, 'SE002', 'RD00084', 'SA007'),
('SD00301', 1, 'SE011', 'RD00084', 'SA007'),
('SD00302', 1, 'SE012', 'RD00084', 'SA007'),
('SD00303', 1, 'SE013', 'RD00084', 'SA007'),
('SD00304', 1, 'SE015', 'RD00084', 'SA007'),
('SD00305', 1, 'SE022', 'RD00088', 'SA007'),
('SD00306', 1, 'SE003', 'RD00088', 'SA007'),
('SD00307', 2, 'SE008', 'RD00088', 'SA007'),
('SD00308', 1, 'SE004', 'RD00088', 'SA007'),
('SD00309', 1, 'SE002', 'RD00088', 'SA007'),
('SD00310', 1, 'SE012', 'RD00092', 'SA006');

--
-- Chỉ mục cho các bảng đã đổ
--

--
-- Chỉ mục cho bảng `account`
--
ALTER TABLE `account`
  ADD PRIMARY KEY (`UID`);

--
-- Chỉ mục cho bảng `convinience`
--
ALTER TABLE `convinience`
  ADD PRIMARY KEY (`ID`);

--
-- Chỉ mục cho bảng `convinience_room_type`
--
ALTER TABLE `convinience_room_type`
  ADD KEY `FK1_typeid` (`RoomTypeID`),
  ADD KEY `FK2_convinience` (`ConvinienceID`);

--
-- Chỉ mục cho bảng `customer`
--
ALTER TABLE `customer`
  ADD PRIMARY KEY (`ID`);

--
-- Chỉ mục cho bảng `invoice`
--
ALTER TABLE `invoice`
  ADD PRIMARY KEY (`ID`),
  ADD KEY `FK1_customer` (`CustomerID`),
  ADD KEY `FK2_staffid` (`StaffID`),
  ADD KEY `fk_invoice_reservation` (`ReservationID`);

--
-- Chỉ mục cho bảng `permission_group`
--
ALTER TABLE `permission_group`
  ADD PRIMARY KEY (`ID`);

--
-- Chỉ mục cho bảng `rent_room_detail`
--
ALTER TABLE `rent_room_detail`
  ADD PRIMARY KEY (`ID`),
  ADD KEY `FK1_invoiceid` (`InvoiceID`),
  ADD KEY `FK2_staffi` (`StaffID`),
  ADD KEY `fk_rent_room_detail_room` (`RoomID`);

--
-- Chỉ mục cho bảng `reservation`
--
ALTER TABLE `reservation`
  ADD PRIMARY KEY (`ID`),
  ADD KEY `FK1_customerid` (`CustomerID`),
  ADD KEY `FK2_staff` (`StaffID`);

--
-- Chỉ mục cho bảng `role`
--
ALTER TABLE `role`
  ADD PRIMARY KEY (`ID`);

--
-- Chỉ mục cho bảng `room`
--
ALTER TABLE `room`
  ADD PRIMARY KEY (`ID`),
  ADD KEY `FK1_type` (`RoomTypeID`);

--
-- Chỉ mục cho bảng `room_reservation`
--
ALTER TABLE `room_reservation`
  ADD PRIMARY KEY (`ID`),
  ADD KEY `fk_room_reservation_ReservationID` (`ReservationID`),
  ADD KEY `fk_room_reservation_RoomID` (`RoomID`);

--
-- Chỉ mục cho bảng `room_type`
--
ALTER TABLE `room_type`
  ADD PRIMARY KEY (`ID`);

--
-- Chỉ mục cho bảng `service`
--
ALTER TABLE `service`
  ADD PRIMARY KEY (`ID`),
  ADD KEY `FK1_serviectype` (`ServiceTypeID`);

--
-- Chỉ mục cho bảng `service_type`
--
ALTER TABLE `service_type`
  ADD PRIMARY KEY (`ID`);

--
-- Chỉ mục cho bảng `staff`
--
ALTER TABLE `staff`
  ADD PRIMARY KEY (`ID`),
  ADD KEY `FK1_permission` (`PermissionGroupID`),
  ADD KEY `FK2_uid` (`UID`),
  ADD KEY `FK3_role` (`RoleID`);

--
-- Chỉ mục cho bảng `use_service_detail`
--
ALTER TABLE `use_service_detail`
  ADD PRIMARY KEY (`ID`),
  ADD KEY `FK2_st` (`StaffID`),
  ADD KEY `FK3_serviceid` (`ServiceID`),
  ADD KEY `fk_use_service_detail_rent_room` (`RentRoomID`);

--
-- Các ràng buộc cho các bảng đã đổ
--

--
-- Các ràng buộc cho bảng `convinience_room_type`
--
ALTER TABLE `convinience_room_type`
  ADD CONSTRAINT `FK1_typeid` FOREIGN KEY (`RoomTypeID`) REFERENCES `room_type` (`ID`) ON DELETE CASCADE ON UPDATE CASCADE,
  ADD CONSTRAINT `FK2_convinience` FOREIGN KEY (`ConvinienceID`) REFERENCES `convinience` (`ID`) ON DELETE CASCADE ON UPDATE CASCADE;

--
-- Các ràng buộc cho bảng `invoice`
--
ALTER TABLE `invoice`
  ADD CONSTRAINT `FK1_customer` FOREIGN KEY (`CustomerID`) REFERENCES `customer` (`ID`) ON DELETE CASCADE ON UPDATE CASCADE,
  ADD CONSTRAINT `FK2_staffid` FOREIGN KEY (`StaffID`) REFERENCES `staff` (`ID`) ON DELETE CASCADE ON UPDATE CASCADE,
  ADD CONSTRAINT `fk_invoice_reservation` FOREIGN KEY (`ReservationID`) REFERENCES `reservation` (`ID`);

--
-- Các ràng buộc cho bảng `rent_room_detail`
--
ALTER TABLE `rent_room_detail`
  ADD CONSTRAINT `FK1_invoiceid` FOREIGN KEY (`InvoiceID`) REFERENCES `invoice` (`ID`) ON DELETE CASCADE ON UPDATE CASCADE,
  ADD CONSTRAINT `FK2_staffi` FOREIGN KEY (`StaffID`) REFERENCES `staff` (`ID`) ON DELETE CASCADE ON UPDATE CASCADE,
  ADD CONSTRAINT `fk_rent_room_detail_room` FOREIGN KEY (`RoomID`) REFERENCES `room` (`ID`);

--
-- Các ràng buộc cho bảng `reservation`
--
ALTER TABLE `reservation`
  ADD CONSTRAINT `FK1_customerid` FOREIGN KEY (`CustomerID`) REFERENCES `customer` (`ID`) ON DELETE CASCADE ON UPDATE CASCADE,
  ADD CONSTRAINT `FK2_staff` FOREIGN KEY (`StaffID`) REFERENCES `staff` (`ID`) ON DELETE CASCADE ON UPDATE CASCADE;

--
-- Các ràng buộc cho bảng `room`
--
ALTER TABLE `room`
  ADD CONSTRAINT `FK1_type` FOREIGN KEY (`RoomTypeID`) REFERENCES `room_type` (`ID`) ON DELETE CASCADE ON UPDATE CASCADE;

--
-- Các ràng buộc cho bảng `room_reservation`
--
ALTER TABLE `room_reservation`
  ADD CONSTRAINT `fk_room_reservation_ReservationID` FOREIGN KEY (`ReservationID`) REFERENCES `reservation` (`ID`),
  ADD CONSTRAINT `fk_room_reservation_RoomID` FOREIGN KEY (`RoomID`) REFERENCES `room` (`ID`);

--
-- Các ràng buộc cho bảng `service`
--
ALTER TABLE `service`
  ADD CONSTRAINT `FK1_serviectype` FOREIGN KEY (`ServiceTypeID`) REFERENCES `service_type` (`ID`) ON DELETE CASCADE ON UPDATE CASCADE;

--
-- Các ràng buộc cho bảng `staff`
--
ALTER TABLE `staff`
  ADD CONSTRAINT `FK1_permission` FOREIGN KEY (`PermissionGroupID`) REFERENCES `permission_group` (`ID`) ON DELETE CASCADE ON UPDATE CASCADE,
  ADD CONSTRAINT `FK2_uid` FOREIGN KEY (`UID`) REFERENCES `account` (`UID`) ON DELETE CASCADE ON UPDATE CASCADE,
  ADD CONSTRAINT `FK3_role` FOREIGN KEY (`RoleID`) REFERENCES `role` (`ID`) ON DELETE CASCADE ON UPDATE CASCADE;

--
-- Các ràng buộc cho bảng `use_service_detail`
--
ALTER TABLE `use_service_detail`
  ADD CONSTRAINT `FK2_st` FOREIGN KEY (`StaffID`) REFERENCES `staff` (`ID`) ON DELETE CASCADE ON UPDATE CASCADE,
  ADD CONSTRAINT `FK3_serviceid` FOREIGN KEY (`ServiceID`) REFERENCES `service` (`ID`) ON DELETE CASCADE ON UPDATE CASCADE,
  ADD CONSTRAINT `fk_use_service_detail_rent_room` FOREIGN KEY (`RentRoomID`) REFERENCES `rent_room_detail` (`ID`);
COMMIT;

/*!40101 SET CHARACTER_SET_CLIENT=@OLD_CHARACTER_SET_CLIENT */;
/*!40101 SET CHARACTER_SET_RESULTS=@OLD_CHARACTER_SET_RESULTS */;
/*!40101 SET COLLATION_CONNECTION=@OLD_COLLATION_CONNECTION */;
